fold,corruption_type,kl_divergences
0,brightness_1,0.052022155
0,brightness_2,0.19728671
0,brightness_3,0.4110913
0,brightness_4,0.67135066
0,brightness_5,1.257052
0,contrast_1,0.083832934
0,contrast_2,0.3540696
0,contrast_3,0.5412623
0,contrast_4,0.7982101
0,contrast_5,1.4085125
0,defocus_blur_1,0.0019782924
0,defocus_blur_2,0.012175282
0,defocus_blur_3,0.02896651
0,defocus_blur_4,0.048820768
0,defocus_blur_5,0.11495141
0,elastic_1,1.1266268
0,elastic_2,0.973508
0,elastic_3,0.80854946
0,elastic_4,0.69823277
0,elastic_5,0.47598836
0,fog_1,0.08934809
0,fog_2,0.35441464
0,fog_3,0.63150084
0,fog_4,0.93217
0,fog_5,1.4466785
0,frost_1,0.46096256
0,frost_2,0.93612206
0,frost_3,1.1962776
0,frost_4,1.0663253
0,frost_5,1.1024528
0,frosted_glass_blur_1,0.32836553
0,frosted_glass_blur_2,0.32518896
0,frosted_glass_blur_3,0.31415644
0,frosted_glass_blur_4,0.8053656
0,frosted_glass_blur_5,0.77529365
0,gaussian_blur_1,0.0018703823
0,gaussian_blur_2,0.028375823
0,gaussian_blur_3,0.049841113
0,gaussian_blur_4,0.07582729
0,gaussian_blur_5,0.14218752
0,gaussian_noise_1,0.035945673
0,gaussian_noise_2,0.07398698
0,gaussian_noise_3,0.12202966
0,gaussian_noise_4,0.14789177
0,gaussian_noise_5,0.17646743
0,impulse_noise_1,0.065419436
0,impulse_noise_2,0.12425507
0,impulse_noise_3,0.17846969
0,impulse_noise_4,0.28018963
0,impulse_noise_5,0.37556836
0,jpeg_compression_1,0.021783574
0,jpeg_compression_2,0.03912488
0,jpeg_compression_3,0.04717975
0,jpeg_compression_4,0.057006445
0,jpeg_compression_5,0.07270324
0,motion_blur_1,0.12375937
0,motion_blur_2,0.27089816
0,motion_blur_3,0.4124529
0,motion_blur_4,0.41189897
0,motion_blur_5,0.5389253
0,pixelate_1,0.018861702
0,pixelate_2,0.032233916
0,pixelate_3,0.034980774
0,pixelate_4,0.056956924
0,pixelate_5,0.072603054
0,saturate_1,0.27645898
0,saturate_2,0.466532
0,saturate_3,0.1059707
0,saturate_4,0.4782467
0,saturate_5,0.87726504
0,shot_noise_1,0.024145553
0,shot_noise_2,0.04447513
0,shot_noise_3,0.097329386
0,shot_noise_4,0.123621054
0,shot_noise_5,0.17160664
0,snow_1,0.11529374
0,snow_2,0.36631125
0,snow_3,0.4967521
0,snow_4,0.81571543
0,snow_5,1.247524
0,spatter_1,0.051473927
0,spatter_2,0.14913064
0,spatter_3,0.3173863
0,spatter_4,0.2457394
0,spatter_5,0.38803375
0,speckle_noise_1,0.02709182
0,speckle_noise_2,0.06419833
0,speckle_noise_3,0.08687178
0,speckle_noise_4,0.13771974
0,speckle_noise_5,0.1959855
0,zoom_blur_1,0.19847547
0,zoom_blur_2,0.26453528
0,zoom_blur_3,0.37540045
0,zoom_blur_4,0.49966314
0,zoom_blur_5,0.62749255
1,brightness_1,0.19617943
1,brightness_2,0.608444
1,brightness_3,1.0286617
1,brightness_4,1.2194774
1,brightness_5,1.5955558
1,contrast_1,0.120672144
1,contrast_2,0.4845534
1,contrast_3,0.7286581
1,contrast_4,0.9800241
1,contrast_5,1.4518636
1,defocus_blur_1,0.0025249855
1,defocus_blur_2,0.012994226
1,defocus_blur_3,0.029304229
1,defocus_blur_4,0.047354985
1,defocus_blur_5,0.10513575
1,elastic_1,0.74055696
1,elastic_2,0.64306
1,elastic_3,0.53281367
1,elastic_4,0.46434078
1,elastic_5,0.31744996
1,fog_1,0.36079893
1,fog_2,0.87267005
1,fog_3,1.1808196
1,fog_4,1.4361925
1,fog_5,1.7477037
1,frost_1,1.026794
1,frost_2,1.3552636
1,frost_3,1.6124822
1,frost_4,1.5604867
1,frost_5,1.6626495
1,frosted_glass_blur_1,0.21508421
1,frosted_glass_blur_2,0.2150295
1,frosted_glass_blur_3,0.21215972
1,frosted_glass_blur_4,0.5240886
1,frosted_glass_blur_5,0.5086968
1,gaussian_blur_1,0.002416132
1,gaussian_blur_2,0.029052643
1,gaussian_blur_3,0.049673885
1,gaussian_blur_4,0.0740028
1,gaussian_blur_5,0.133653
1,gaussian_noise_1,0.023699932
1,gaussian_noise_2,0.054395635
1,gaussian_noise_3,0.09708227
1,gaussian_noise_4,0.12653705
1,gaussian_noise_5,0.1508346
1,impulse_noise_1,0.053214673
1,impulse_noise_2,0.119701155
1,impulse_noise_3,0.19356917
1,impulse_noise_4,0.3824922
1,impulse_noise_5,0.5837148
1,jpeg_compression_1,0.016239649
1,jpeg_compression_2,0.02835838
1,jpeg_compression_3,0.03372662
1,jpeg_compression_4,0.0404727
1,jpeg_compression_5,0.051084045
1,motion_blur_1,0.09022399
1,motion_blur_2,0.20076624
1,motion_blur_3,0.3100625
1,motion_blur_4,0.3100159
1,motion_blur_5,0.41529363
1,pixelate_1,0.015345072
1,pixelate_2,0.024949854
1,pixelate_3,0.02647848
1,pixelate_4,0.0454361
1,pixelate_5,0.05270672
1,saturate_1,0.24530734
1,saturate_2,0.39331055
1,saturate_3,0.09754456
1,saturate_4,0.40000087
1,saturate_5,0.7104562
1,shot_noise_1,0.012216629
1,shot_noise_2,0.023104046
1,shot_noise_3,0.05349864
1,shot_noise_4,0.06881545
1,shot_noise_5,0.09826328
1,snow_1,0.21251848
1,snow_2,0.70587146
1,snow_3,0.92424405
1,snow_4,1.2465609
1,snow_5,1.56822
1,spatter_1,0.039259784
1,spatter_2,0.1448334
1,spatter_3,0.42886606
1,spatter_4,0.13449138
1,spatter_5,0.20857182
1,speckle_noise_1,0.012321726
1,speckle_noise_2,0.031074671
1,speckle_noise_3,0.043197203
1,speckle_noise_4,0.07146477
1,speckle_noise_5,0.10509835
1,zoom_blur_1,0.14344399
1,zoom_blur_2,0.1905978
1,zoom_blur_3,0.26690453
1,zoom_blur_4,0.35132658
1,zoom_blur_5,0.43813303
2,brightness_1,0.04499072
2,brightness_2,0.16468869
2,brightness_3,0.33622742
2,brightness_4,0.5429445
2,brightness_5,1.0053855
2,contrast_1,0.11197716
2,contrast_2,0.38803184
2,contrast_3,0.5765167
2,contrast_4,0.84773415
2,contrast_5,1.5290043
2,defocus_blur_1,0.003744869
2,defocus_blur_2,0.024523515
2,defocus_blur_3,0.06133165
2,defocus_blur_4,0.10557471
2,defocus_blur_5,0.28861
2,elastic_1,1.7505985
2,elastic_2,1.5476328
2,elastic_3,1.3117447
2,elastic_4,1.1597073
2,elastic_5,0.85139
2,fog_1,0.120642856
2,fog_2,0.38181737
2,fog_3,0.64305496
2,fog_4,0.9351206
2,fog_5,1.4652532
2,frost_1,0.3710578
2,frost_2,0.73415935
2,frost_3,0.9761946
2,frost_4,0.90326834
2,frost_5,1.0102646
2,frosted_glass_blur_1,0.63308644
2,frosted_glass_blur_2,0.6284022
2,frosted_glass_blur_3,0.60354817
2,frosted_glass_blur_4,1.3864646
2,frosted_glass_blur_5,1.3289254
2,gaussian_blur_1,0.0035000802
2,gaussian_blur_2,0.058374625
2,gaussian_blur_3,0.10308238
2,gaussian_blur_4,0.15425971
2,gaussian_blur_5,0.2743796
2,gaussian_noise_1,0.08338712
2,gaussian_noise_2,0.16975093
2,gaussian_noise_3,0.2705775
2,gaussian_noise_4,0.3235701
2,gaussian_noise_5,0.379095
2,impulse_noise_1,0.14854771
2,impulse_noise_2,0.27611834
2,impulse_noise_3,0.3846936
2,impulse_noise_4,0.5731841
2,impulse_noise_5,0.73314637
2,jpeg_compression_1,0.062923506
2,jpeg_compression_2,0.10992751
2,jpeg_compression_3,0.1303315
2,jpeg_compression_4,0.15468195
2,jpeg_compression_5,0.19103535
2,motion_blur_1,0.2054596
2,motion_blur_2,0.42565215
2,motion_blur_3,0.61838573
2,motion_blur_4,0.61673874
2,motion_blur_5,0.7800381
2,pixelate_1,0.057600837
2,pixelate_2,0.10310904
2,pixelate_3,0.11409039
2,pixelate_4,0.1822535
2,pixelate_5,0.2675175
2,saturate_1,0.30322453
2,saturate_2,0.51218206
2,saturate_3,0.08773698
2,saturate_4,0.44461915
2,saturate_5,0.8060667
2,shot_noise_1,0.05616347
2,shot_noise_2,0.10443044
2,shot_noise_3,0.22127014
2,shot_noise_4,0.2747472
2,shot_noise_5,0.36650527
2,snow_1,0.14968893
2,snow_2,0.39248827
2,snow_3,0.5355494
2,snow_4,0.7683639
2,snow_5,1.0816795
2,spatter_1,0.09331365
2,spatter_2,0.24471688
2,spatter_3,0.45103565
2,spatter_4,0.3915095
2,spatter_5,0.61645645
2,speckle_noise_1,0.06431493
2,speckle_noise_2,0.1532253
2,speckle_noise_3,0.20063998
2,speckle_noise_4,0.30254954
2,speckle_noise_5,0.41098192
2,zoom_blur_1,0.32961828
2,zoom_blur_2,0.4516836
2,zoom_blur_3,0.6212376
2,zoom_blur_4,0.8072649
2,zoom_blur_5,0.9737796
3,brightness_1,0.14981046
3,brightness_2,0.3860407
3,brightness_3,0.66859066
3,brightness_4,0.9736108
3,brightness_5,1.6017966
3,contrast_1,1.2707158
3,contrast_2,2.1969187
3,contrast_3,2.4235318
3,contrast_4,2.681258
3,contrast_5,3.292095
3,defocus_blur_1,0.004176422
3,defocus_blur_2,0.02471327
3,defocus_blur_3,0.06303396
3,defocus_blur_4,0.11323842
3,defocus_blur_5,0.31372753
3,elastic_1,1.5791005
3,elastic_2,1.4041427
3,elastic_3,1.1969727
3,elastic_4,1.0632308
3,elastic_5,0.7951204
3,fog_1,2.214637
3,fog_2,2.844367
3,fog_3,3.1184044
3,fog_4,3.4049342
3,fog_5,3.9272375
3,frost_1,0.87388694
3,frost_2,1.5352879
3,frost_3,1.7092664
3,frost_4,1.5343513
3,frost_5,2.226365
3,frosted_glass_blur_1,0.6135391
3,frosted_glass_blur_2,0.60796577
3,frosted_glass_blur_3,0.5812117
3,frosted_glass_blur_4,1.2378461
3,frosted_glass_blur_5,1.1934751
3,gaussian_blur_1,0.004257111
3,gaussian_blur_2,0.06038092
3,gaussian_blur_3,0.10650579
3,gaussian_blur_4,0.15821005
3,gaussian_blur_5,0.2733702
3,gaussian_noise_1,0.16370943
3,gaussian_noise_2,0.3915677
3,gaussian_noise_3,0.7871952
3,gaussian_noise_4,1.0567681
3,gaussian_noise_5,1.3388596
3,impulse_noise_1,0.19410634
3,impulse_noise_2,0.49445835
3,impulse_noise_3,0.7566799
3,impulse_noise_4,1.5708901
3,impulse_noise_5,2.371673
3,jpeg_compression_1,0.083119325
3,jpeg_compression_2,0.14144492
3,jpeg_compression_3,0.16638142
3,jpeg_compression_4,0.19510323
3,jpeg_compression_5,0.23513654
3,motion_blur_1,0.19066252
3,motion_blur_2,0.39366016
3,motion_blur_3,0.5743958
3,motion_blur_4,0.5728924
3,motion_blur_5,0.7268353
3,pixelate_1,0.07266134
3,pixelate_2,0.13258842
3,pixelate_3,0.1355121
3,pixelate_4,0.19791293
3,pixelate_5,0.3404874
3,saturate_1,0.3357303
3,saturate_2,0.58509314
3,saturate_3,0.11801204
3,saturate_4,2.1762679
3,saturate_5,3.18411
3,shot_noise_1,0.15078244
3,shot_noise_2,0.35046586
3,shot_noise_3,1.1148223
3,shot_noise_4,1.5470158
3,shot_noise_5,2.292568
3,snow_1,0.3083249
3,snow_2,0.78533596
3,snow_3,0.8980176
3,snow_4,1.367096
3,snow_5,1.994231
3,spatter_1,0.0944326
3,spatter_2,0.23651986
3,spatter_3,0.4227015
3,spatter_4,1.1441711
3,spatter_5,1.9725382
3,speckle_noise_1,0.2656975
3,speckle_noise_2,1.0529152
3,speckle_noise_3,1.6014556
3,speckle_noise_4,2.6188214
3,speckle_noise_5,2.9454498
3,zoom_blur_1,0.29149252
3,zoom_blur_2,0.4082905
3,zoom_blur_3,0.5620689
3,zoom_blur_4,0.7378019
3,zoom_blur_5,0.89991635
4,brightness_1,0.04296226
4,brightness_2,0.15863158
4,brightness_3,0.32605124
4,brightness_4,0.52958655
4,brightness_5,0.99229217
4,contrast_1,0.09970918
4,contrast_2,0.376665
4,contrast_3,0.5614916
4,contrast_4,0.814118
4,contrast_5,1.4093641
4,defocus_blur_1,0.004021739
4,defocus_blur_2,0.026829196
4,defocus_blur_3,0.06832695
4,defocus_blur_4,0.12226229
4,defocus_blur_5,0.32783303
4,elastic_1,1.6056674
4,elastic_2,1.4271421
4,elastic_3,1.2216527
4,elastic_4,1.0869634
4,elastic_5,0.8143342
4,fog_1,0.100278184
4,fog_2,0.3520411
4,fog_3,0.5976639
4,fog_4,0.86579895
4,fog_5,1.3495085
4,frost_1,0.37647706
4,frost_2,0.74366385
4,frost_3,0.9948223
4,frost_4,0.92517173
4,frost_5,1.0242989
4,frosted_glass_blur_1,0.62271434
4,frosted_glass_blur_2,0.6170989
4,frosted_glass_blur_3,0.5939736
4,frosted_glass_blur_4,1.2709721
4,frosted_glass_blur_5,1.2253363
4,gaussian_blur_1,0.0037924133
4,gaussian_blur_2,0.065493844
4,gaussian_blur_3,0.11589738
4,gaussian_blur_4,0.17232184
4,gaussian_blur_5,0.29708168
4,gaussian_noise_1,0.09645928
4,gaussian_noise_2,0.18928286
4,gaussian_noise_3,0.2949366
4,gaussian_noise_4,0.34949487
4,gaussian_noise_5,0.4044356
4,impulse_noise_1,0.15698794
4,impulse_noise_2,0.28339395
4,impulse_noise_3,0.39042726
4,impulse_noise_4,0.56771237
4,impulse_noise_5,0.713026
4,jpeg_compression_1,0.08987194
4,jpeg_compression_2,0.14841893
4,jpeg_compression_3,0.17175885
4,jpeg_compression_4,0.1992335
4,jpeg_compression_5,0.23934808
4,motion_blur_1,0.19229485
4,motion_blur_2,0.39442897
4,motion_blur_3,0.5711331
4,motion_blur_4,0.5696464
4,motion_blur_5,0.7201178
4,pixelate_1,0.06975421
4,pixelate_2,0.11134195
4,pixelate_3,0.13252683
4,pixelate_4,0.20828086
4,pixelate_5,0.3176365
4,saturate_1,0.31631362
4,saturate_2,0.5267519
4,saturate_3,0.093970016
4,saturate_4,0.43270397
4,saturate_5,0.78283274
4,shot_noise_1,0.06252842
4,shot_noise_2,0.11322636
4,shot_noise_3,0.23418094
4,shot_noise_4,0.28871536
4,shot_noise_5,0.3825878
4,snow_1,0.14863065
4,snow_2,0.3971865
4,snow_3,0.52588487
4,snow_4,0.76817393
4,snow_5,1.0734273
4,spatter_1,0.09782249
4,spatter_2,0.2457779
4,spatter_3,0.43857732
4,spatter_4,0.34465453
4,spatter_5,0.5367243
4,speckle_noise_1,0.069292136
4,speckle_noise_2,0.15806025
4,speckle_noise_3,0.20787013
4,speckle_noise_4,0.31282997
4,speckle_noise_5,0.420265
4,zoom_blur_1,0.30384916
4,zoom_blur_2,0.42253023
4,zoom_blur_3,0.5788919
4,zoom_blur_4,0.75085914
4,zoom_blur_5,0.9011917
5,brightness_1,0.041005224
5,brightness_2,0.15651979
5,brightness_3,0.32645378
5,brightness_4,0.53422064
5,brightness_5,1.0045202
5,contrast_1,0.07137194
5,contrast_2,0.31305844
5,contrast_3,0.48721212
5,contrast_4,0.7327279
5,contrast_5,1.3209358
5,defocus_blur_1,0.0034778893
5,defocus_blur_2,0.022619108
5,defocus_blur_3,0.056807287
5,defocus_blur_4,0.101087734
5,defocus_blur_5,0.27722782
5,elastic_1,1.5892962
5,elastic_2,1.4162955
5,elastic_3,1.2060965
5,elastic_4,1.0738775
5,elastic_5,0.80123496
5,fog_1,0.071379066
5,fog_2,0.29462075
5,fog_3,0.5313382
5,fog_4,0.7979946
5,fog_5,1.2771047
5,frost_1,0.3636126
5,frost_2,0.72224134
5,frost_3,0.97393167
5,frost_4,0.9089592
5,frost_5,1.0097271
5,frosted_glass_blur_1,0.60871524
5,frosted_glass_blur_2,0.6043122
5,frosted_glass_blur_3,0.5788248
5,frosted_glass_blur_4,1.2831475
5,frosted_glass_blur_5,1.2335892
5,gaussian_blur_1,0.0032804755
5,gaussian_blur_2,0.05482953
5,gaussian_blur_3,0.09698394
5,gaussian_blur_4,0.14557879
5,gaussian_blur_5,0.25994593
5,gaussian_noise_1,0.07915136
5,gaussian_noise_2,0.15663563
5,gaussian_noise_3,0.24674013
5,gaussian_noise_4,0.294116
5,gaussian_noise_5,0.34367862
5,impulse_noise_1,0.1354588
5,impulse_noise_2,0.24704748
5,impulse_noise_3,0.3425312
5,impulse_noise_4,0.5083967
5,impulse_noise_5,0.6478816
5,jpeg_compression_1,0.055187255
5,jpeg_compression_2,0.100134216
5,jpeg_compression_3,0.120418064
5,jpeg_compression_4,0.14425066
5,jpeg_compression_5,0.18060757
5,motion_blur_1,0.19258954
5,motion_blur_2,0.39637533
5,motion_blur_3,0.572947
5,motion_blur_4,0.57229495
5,motion_blur_5,0.7199379
5,pixelate_1,0.055118553
5,pixelate_2,0.105802014
5,pixelate_3,0.1055472
5,pixelate_4,0.15522167
5,pixelate_5,0.27099
5,saturate_1,0.2733299
5,saturate_2,0.44940895
5,saturate_3,0.09098207
5,saturate_4,0.4110059
5,saturate_5,0.7476488
5,shot_noise_1,0.051332537
5,shot_noise_2,0.09282243
5,shot_noise_3,0.19416536
5,shot_noise_4,0.24150023
5,shot_noise_5,0.3244978
5,snow_1,0.14260395
5,snow_2,0.37729967
5,snow_3,0.5069661
5,snow_4,0.7315095
5,snow_5,1.0182565
5,spatter_1,0.09401375
5,spatter_2,0.24131036
5,spatter_3,0.43310174
5,spatter_4,0.3219143
5,spatter_5,0.504853
5,speckle_noise_1,0.055607248
5,speckle_noise_2,0.12863171
5,speckle_noise_3,0.17075793
5,speckle_noise_4,0.2602586
5,speckle_noise_5,0.35672575
5,zoom_blur_1,0.2970461
5,zoom_blur_2,0.40979865
5,zoom_blur_3,0.56220716
5,zoom_blur_4,0.73128176
5,zoom_blur_5,0.8768884
6,brightness_1,0.14176098
6,brightness_2,0.5357412
6,brightness_3,0.71813685
6,brightness_4,0.8814688
6,brightness_5,1.2325364
6,contrast_1,0.19031915
6,contrast_2,0.5717978
6,contrast_3,0.7533026
6,contrast_4,1.0011182
6,contrast_5,1.5301266
6,defocus_blur_1,0.0038448386
6,defocus_blur_2,0.023389589
6,defocus_blur_3,0.057360303
6,defocus_blur_4,0.10174242
6,defocus_blur_5,0.25905728
6,elastic_1,1.6176705
6,elastic_2,1.4259701
6,elastic_3,1.2067382
6,elastic_4,1.067773
6,elastic_5,0.7881048
6,fog_1,0.4687214
6,fog_2,0.7751841
6,fog_3,0.99891585
6,fog_4,1.2361188
6,fog_5,1.6482179
6,frost_1,0.7524873
6,frost_2,1.0502354
6,frost_3,1.2803694
6,frost_4,1.2552544
6,frost_5,1.3801049
6,frosted_glass_blur_1,0.5999654
6,frosted_glass_blur_2,0.5949521
6,frosted_glass_blur_3,0.56128883
6,frosted_glass_blur_4,1.2799467
6,frosted_glass_blur_5,1.2145013
6,gaussian_blur_1,0.0036509014
6,gaussian_blur_2,0.0553479
6,gaussian_blur_3,0.09602133
6,gaussian_blur_4,0.14179951
6,gaussian_blur_5,0.2470529
6,gaussian_noise_1,0.087211646
6,gaussian_noise_2,0.1798224
6,gaussian_noise_3,0.2944268
6,gaussian_noise_4,0.36412865
6,gaussian_noise_5,0.43162408
6,impulse_noise_1,0.14500251
6,impulse_noise_2,0.2780828
6,impulse_noise_3,0.41653267
6,impulse_noise_4,0.6652955
6,impulse_noise_5,0.9154809
6,jpeg_compression_1,0.07415553
6,jpeg_compression_2,0.12399359
6,jpeg_compression_3,0.14429323
6,jpeg_compression_4,0.16781968
6,jpeg_compression_5,0.20383702
6,motion_blur_1,0.19037998
6,motion_blur_2,0.39390323
6,motion_blur_3,0.5708046
6,motion_blur_4,0.57026684
6,motion_blur_5,0.719747
6,pixelate_1,0.058338586
6,pixelate_2,0.09987526
6,pixelate_3,0.111273035
6,pixelate_4,0.19030505
6,pixelate_5,0.24325337
6,saturate_1,0.27200666
6,saturate_2,0.44957703
6,saturate_3,0.10266063
6,saturate_4,0.4520108
6,saturate_5,0.8198661
6,shot_noise_1,0.051031597
6,shot_noise_2,0.092890725
6,shot_noise_3,0.19627826
6,shot_noise_4,0.24505615
6,shot_noise_5,0.3312158
6,snow_1,0.21649945
6,snow_2,0.70604527
6,snow_3,0.8468224
6,snow_4,1.109344
6,snow_5,1.3099024
6,spatter_1,0.1014737
6,spatter_2,0.28188536
6,spatter_3,0.5837884
6,spatter_4,0.3212886
6,spatter_5,0.5038671
6,speckle_noise_1,0.05464725
6,speckle_noise_2,0.12673618
6,speckle_noise_3,0.16865875
6,speckle_noise_4,0.25889698
6,speckle_noise_5,0.3572728
6,zoom_blur_1,0.29414743
6,zoom_blur_2,0.40801916
6,zoom_blur_3,0.5626142
6,zoom_blur_4,0.73365635
6,zoom_blur_5,0.88402766
7,brightness_1,0.06673881
7,brightness_2,0.22100411
7,brightness_3,0.43833116
7,brightness_4,0.6906311
7,brightness_5,1.2470138
7,contrast_1,0.2597818
7,contrast_2,0.61664194
7,contrast_3,0.8170235
7,contrast_4,1.0952053
7,contrast_5,1.7598747
7,defocus_blur_1,0.0044159438
7,defocus_blur_2,0.028506411
7,defocus_blur_3,0.0724326
7,defocus_blur_4,0.13021837
7,defocus_blur_5,0.38523784
7,elastic_1,1.9231476
7,elastic_2,1.7197229
7,elastic_3,1.4838102
7,elastic_4,1.3284165
7,elastic_5,0.9980894
7,fog_1,0.4196049
7,fog_2,0.7340082
7,fog_3,1.0260059
7,fog_4,1.349784
7,fog_5,1.9523586
7,frost_1,0.52590543
7,frost_2,1.0411323
7,frost_3,1.2551758
7,frost_4,1.1210622
7,frost_5,1.224032
7,frosted_glass_blur_1,0.75274634
7,frosted_glass_blur_2,0.74736094
7,frosted_glass_blur_3,0.7256483
7,frosted_glass_blur_4,1.556569
7,frosted_glass_blur_5,1.5132377
7,gaussian_blur_1,0.0042066574
7,gaussian_blur_2,0.06930243
7,gaussian_blur_3,0.1235098
7,gaussian_blur_4,0.1861055
7,gaussian_blur_5,0.3319739
7,gaussian_noise_1,0.1255958
7,gaussian_noise_2,0.25698054
7,gaussian_noise_3,0.4189941
7,gaussian_noise_4,0.5020062
7,gaussian_noise_5,0.60280555
7,impulse_noise_1,0.18792625
7,impulse_noise_2,0.36197752
7,impulse_noise_3,0.5117464
7,impulse_noise_4,0.81451094
7,impulse_noise_5,1.074133
7,jpeg_compression_1,0.087762445
7,jpeg_compression_2,0.1532997
7,jpeg_compression_3,0.18092154
7,jpeg_compression_4,0.21341975
7,jpeg_compression_5,0.26268363
7,motion_blur_1,0.2350739
7,motion_blur_2,0.4851265
7,motion_blur_3,0.7036496
7,motion_blur_4,0.70344806
7,motion_blur_5,0.88990015
7,pixelate_1,0.07369451
7,pixelate_2,0.133709
7,pixelate_3,0.1387753
7,pixelate_4,0.2033964
7,pixelate_5,0.37786946
7,saturate_1,0.30092728
7,saturate_2,0.5040082
7,saturate_3,0.10457518
7,saturate_4,0.8030914
7,saturate_5,1.1731963
7,shot_noise_1,0.090437256
7,shot_noise_2,0.17563139
7,shot_noise_3,0.41193426
7,shot_noise_4,0.52766603
7,shot_noise_5,0.7135802
7,snow_1,0.20673203
7,snow_2,0.5294037
7,snow_3,0.6661179
7,snow_4,0.98947316
7,snow_5,1.4449108
7,spatter_1,0.11907208
7,spatter_2,0.29434535
7,spatter_3,0.5065205
7,spatter_4,0.5307725
7,spatter_5,0.8573181
7,speckle_noise_1,0.11668269
7,speckle_noise_2,0.32910305
7,speckle_noise_3,0.4346409
7,speckle_noise_4,0.6571073
7,speckle_noise_5,0.7945604
7,zoom_blur_1,0.36810896
7,zoom_blur_2,0.5143605
7,zoom_blur_3,0.70477796
7,zoom_blur_4,0.91443145
7,zoom_blur_5,1.0964165
8,brightness_1,0.05878981
8,brightness_2,0.19121073
8,brightness_3,0.37566328
8,brightness_4,0.5940731
8,brightness_5,1.0829344
8,contrast_1,0.24850397
8,contrast_2,0.5183403
8,contrast_3,0.6830746
8,contrast_4,0.9078462
8,contrast_5,1.4898738
8,defocus_blur_1,0.004652146
8,defocus_blur_2,0.02996793
8,defocus_blur_3,0.075726904
8,defocus_blur_4,0.13835262
8,defocus_blur_5,0.36538395
8,elastic_1,1.9183367
8,elastic_2,1.7142814
8,elastic_3,1.4721134
8,elastic_4,1.3111142
8,elastic_5,0.98850554
8,fog_1,0.30761194
8,fog_2,0.5003163
8,fog_3,0.6974907
8,fog_4,0.92956966
8,fog_5,1.3763791
8,frost_1,0.4761582
8,frost_2,0.9322286
8,frost_3,1.1516081
8,frost_4,1.0348295
8,frost_5,1.1564323
8,frosted_glass_blur_1,0.7751296
8,frosted_glass_blur_2,0.76676166
8,frosted_glass_blur_3,0.7301396
8,frosted_glass_blur_4,1.5475024
8,frosted_glass_blur_5,1.4970593
8,gaussian_blur_1,0.004475225
8,gaussian_blur_2,0.07301176
8,gaussian_blur_3,0.12815896
8,gaussian_blur_4,0.18969144
8,gaussian_blur_5,0.32697845
8,gaussian_noise_1,0.14015
8,gaussian_noise_2,0.30872163
8,gaussian_noise_3,0.5338587
8,gaussian_noise_4,0.6278601
8,gaussian_noise_5,0.7085927
8,impulse_noise_1,0.2108233
8,impulse_noise_2,0.45049548
8,impulse_noise_3,0.60298467
8,impulse_noise_4,0.86993605
8,impulse_noise_5,1.0355926
8,jpeg_compression_1,0.10531702
8,jpeg_compression_2,0.17249924
8,jpeg_compression_3,0.20002437
8,jpeg_compression_4,0.23175651
8,jpeg_compression_5,0.27820376
8,motion_blur_1,0.23010209
8,motion_blur_2,0.47198197
8,motion_blur_3,0.67793995
8,motion_blur_4,0.6767811
8,motion_blur_5,0.84877694
8,pixelate_1,0.09023912
8,pixelate_2,0.14349382
8,pixelate_3,0.17247967
8,pixelate_4,0.27071553
8,pixelate_5,0.3995678
8,saturate_1,0.27554685
8,saturate_2,0.47724658
8,saturate_3,0.09412374
8,saturate_4,0.6517884
8,saturate_5,0.9702341
8,shot_noise_1,0.105639935
8,shot_noise_2,0.23066972
8,shot_noise_3,0.49628407
8,shot_noise_4,0.5709686
8,shot_noise_5,0.68411225
8,snow_1,0.20204519
8,snow_2,0.50945413
8,snow_3,0.6521227
8,snow_4,0.94376147
8,snow_5,1.3324946
8,spatter_1,0.11998265
8,spatter_2,0.300367
8,spatter_3,0.52336097
8,spatter_4,0.5107509
8,spatter_5,0.79202414
8,speckle_noise_1,0.16017868
8,speckle_noise_2,0.3985435
8,speckle_noise_3,0.47007245
8,speckle_noise_4,0.59768313
8,speckle_noise_5,0.7226962
8,zoom_blur_1,0.35282472
8,zoom_blur_2,0.49428323
8,zoom_blur_3,0.6766332
8,zoom_blur_4,0.876584
8,zoom_blur_5,1.0466425
9,brightness_1,0.21646519
9,brightness_2,1.0838526
9,brightness_3,1.3412569
9,brightness_4,1.4246323
9,brightness_5,1.6876396
9,contrast_1,0.16530342
9,contrast_2,0.777491
9,contrast_3,0.88608766
9,contrast_4,1.0535897
9,contrast_5,1.4936438
9,defocus_blur_1,0.0037604286
9,defocus_blur_2,0.019689765
9,defocus_blur_3,0.046514925
9,defocus_blur_4,0.077887826
9,defocus_blur_5,0.20292749
9,elastic_1,1.1119459
9,elastic_2,0.99161726
9,elastic_3,0.8359667
9,elastic_4,0.7429156
9,elastic_5,0.5534109
9,fog_1,0.806634
9,fog_2,1.2675407
9,fog_3,1.4602545
9,fog_4,1.6159003
9,fog_5,1.9241349
9,frost_1,1.3333158
9,frost_2,1.5736469
9,frost_3,1.7326199
9,frost_4,1.6959264
9,frost_5,1.7589383
9,frosted_glass_blur_1,0.4255971
9,frosted_glass_blur_2,0.41990337
9,frosted_glass_blur_3,0.3972085
9,frosted_glass_blur_4,0.91529405
9,frosted_glass_blur_5,0.86507136
9,gaussian_blur_1,0.0035387299
9,gaussian_blur_2,0.04414753
9,gaussian_blur_3,0.07589079
9,gaussian_blur_4,0.11171267
9,gaussian_blur_5,0.19295862
9,gaussian_noise_1,0.062604934
9,gaussian_noise_2,0.13749611
9,gaussian_noise_3,0.24307418
9,gaussian_noise_4,0.30898425
9,gaussian_noise_5,0.38141698
9,impulse_noise_1,0.1224279
9,impulse_noise_2,0.23722476
9,impulse_noise_3,0.3855505
9,impulse_noise_4,0.68174464
9,impulse_noise_5,1.1973585
9,jpeg_compression_1,0.04842203
9,jpeg_compression_2,0.082912594
9,jpeg_compression_3,0.09750159
9,jpeg_compression_4,0.114060186
9,jpeg_compression_5,0.14105166
9,motion_blur_1,0.14069061
9,motion_blur_2,0.290077
9,motion_blur_3,0.42255518
9,motion_blur_4,0.4190263
9,motion_blur_5,0.5369203
9,pixelate_1,0.039859246
9,pixelate_2,0.07031672
9,pixelate_3,0.07211978
9,pixelate_4,0.102165624
9,pixelate_5,0.18647456
9,saturate_1,0.22816728
9,saturate_2,0.3646042
9,saturate_3,0.08595341
9,saturate_4,0.3621552
9,saturate_5,0.64952594
9,shot_noise_1,0.034891568
9,shot_noise_2,0.06309107
9,shot_noise_3,0.1337384
9,shot_noise_4,0.1674138
9,shot_noise_5,0.22698721
9,snow_1,0.26029122
9,snow_2,1.1582975
9,snow_3,1.3716476
9,snow_4,1.6765091
9,snow_5,1.7887317
9,spatter_1,0.07139709
9,spatter_2,0.23348331
9,spatter_3,0.6024327
9,spatter_4,0.2294837
9,spatter_5,0.37071592
9,speckle_noise_1,0.036562838
9,speckle_noise_2,0.08490832
9,speckle_noise_3,0.113092
9,speckle_noise_4,0.17453806
9,speckle_noise_5,0.24174398
9,zoom_blur_1,0.21474744
9,zoom_blur_2,0.29269
9,zoom_blur_3,0.40051165
9,zoom_blur_4,0.51966363
9,zoom_blur_5,0.6262642
